{"cameraMode":{"drawMode":0,"name":"Shaded","section":"Shading Mode"},"sceneLighting":false,"audioPlay":false,"sceneViewState":{"showFog":true,"showMaterialUpdate":false,"showSkybox":false,"showFlares":true,"showImageEffects":true,"showParticleSystems":true},"in2DMode":false,"pivot":{"x":0.4505983889102936,"y":1.0995049476623536,"z":7.382896900177002},"rotation":{"x":0.6237552165985107,"y":0.00263361562974751,"z":-0.001990474294871092,"w":0.7816785573959351},"size":5.920145511627197,"orthographic":false}