{"cameraMode":{"drawMode":0,"name":"Shaded","section":"Shading Mode"},"sceneLighting":true,"audioPlay":false,"sceneViewState":{"showFog":true,"showMaterialUpdate":false,"showSkybox":false,"showFlares":true,"showImageEffects":true,"showParticleSystems":true},"in2DMode":false,"pivot":{"x":-0.6834297180175781,"y":0.47464248538017275,"z":-0.04112367331981659},"rotation":{"x":0.09696342796087265,"y":0.9005663394927979,"z":-0.33282074332237246,"w":0.2623887360095978},"size":0.31991249322891238,"orthographic":false}