{"cameraMode":{"drawMode":0,"name":"Shaded","section":"Shading Mode"},"sceneLighting":false,"audioPlay":false,"sceneViewState":{"showFog":true,"showMaterialUpdate":false,"showSkybox":false,"showFlares":true,"showImageEffects":true,"showParticleSystems":true},"in2DMode":false,"pivot":{"x":-2.068225622177124,"y":1.2399072647094727,"z":7.7785868644714359},"rotation":{"x":0.31395331025123598,"y":0.635442316532135,"z":-0.3164186477661133,"w":0.6305112242698669},"size":3.64091157913208,"orthographic":false}