{"cameraMode":{"drawMode":0,"name":"Shaded","section":"Shading Mode"},"sceneLighting":false,"audioPlay":false,"sceneViewState":{"showFog":true,"showMaterialUpdate":false,"showSkybox":false,"showFlares":true,"showImageEffects":true,"showParticleSystems":true},"in2DMode":false,"pivot":{"x":0.0,"y":4.769843258145556e-7,"z":-0.07121849060058594},"rotation":{"x":0.14344961941242219,"y":0.8153755068778992,"z":-0.22829711437225343,"w":0.5123470425605774},"size":0.8017298579216003,"orthographic":false}