{"cameraMode":{"drawMode":0,"name":"Shaded","section":"Shading Mode"},"sceneLighting":false,"audioPlay":false,"sceneViewState":{"showFog":true,"showMaterialUpdate":false,"showSkybox":false,"showFlares":true,"showImageEffects":true,"showParticleSystems":true},"in2DMode":false,"pivot":{"x":15.142000198364258,"y":11.839000701904297,"z":-5.173999786376953},"rotation":{"x":-0.11988025903701782,"y":0.5832942128181458,"z":-0.08825704455375672,"w":-0.7986746430397034},"size":3.0009572505950929,"orthographic":true}