{"cameraMode":{"drawMode":0,"name":"Shaded","section":"Shading Mode"},"sceneLighting":false,"audioPlay":false,"sceneViewState":{"showFog":true,"showMaterialUpdate":false,"showSkybox":false,"showFlares":true,"showImageEffects":true,"showParticleSystems":true},"in2DMode":false,"pivot":{"x":0.0,"y":1.4435499906539917e-8,"z":0.013383500277996064},"rotation":{"x":0.100476935505867,"y":0.8363008499145508,"z":-0.1632992923259735,"w":0.5139645338058472},"size":0.3150537610054016,"orthographic":false}